{"Dammfriv\u00e4gen 48B": [55.5886988, 12.9814515], "Uppsalagatan 11B": [55.5871888, 13.0073762], "B\u00e5stadsgatan 9": [55.5942922, 13.0228363], "Lorensborgsgatan 5A": [55.5560507, 12.9547461], "S\u00f6dra F\u00f6rstadsgatan 3 C": [55.600397, 13.0003704]}