{"Dammfriv\u00e4gen 48B": [55.5886988, 12.9814515], "Uppsalagatan 11B": [55.5871888, 13.0073762], "B\u00e5stadsgatan 9": [55.5942922, 13.0228363], "Lorensborgsgatan 5A": [55.5560507, 12.9547461], "S\u00f6dra F\u00f6rstadsgatan 3 C": [55.600397, 13.0003704], "Annebergsgatan 12 B": [55.5861592, 12.9935403], "Ingelstadsgatan 4": [55.5960541, 12.9706577], "Drottninggatan 6B": [55.6040407, 13.0121623], "Nordlinds v\u00e4g 94C": [55.5950841, 12.971241], "Annebergsgatan 12b": [55.5861592, 12.9935403], "Typografgatan": [55.5943337, 13.0097047], "Mariedalsv\u00e4gen 55 A": [55.5924916, 12.983222], "Per albin hanssons v\u00e4g 56A": [55.5773348, 13.0012723], "Erikstorpsgatan 10 A": [55.598689, 12.9744655], "Skvadronsgatan 20": [55.5970576, 12.9794247], "Ernst ahlgrensgatan 4A": [55.6011985, 12.976537], "Per Albin Hanssons V\u00e4g 52B": [55.5661697, 12.9954876], "Pomonag\u00e5ngen 261": [55.5795071, 12.9862237], "Ellstorpsgatan 1A": [55.6034269, 13.0299544], "Amiralsgatan 96B": [55.596224, 13.0124012], "Per Wickenbergsgatan 3": [55.60140215, 12.981850734499758], "Typografgatan 4 A": [55.5943337, 13.0097047], "Hyllie Boulevard 6B": [55.5626139, 12.9750296], "Uddeholmsgatan 34A": [55.5835069, 13.0236184], "Bobergs\u00e4ngen 6A": [55.5898938, 12.9819911], "Nobelv\u00e4gen 93 B": [55.5916173, 13.0186329], "F\u00f6reningsgatan 70": [55.599095, 13.0084795], "V\u00e4stra Varvsgatan 16G": [55.6109129, 12.9777376], "V\u00e4stra R\u00f6nneholmsv\u00e4gen 64A": [55.5950513, 12.9811725], "M\u00f6llev\u00e5ngsgatan 30A": [55.5932675, 13.0076367], "Glasbruksgatan 2 A": [55.5840013, 12.9362697], "Suffl\u00f6rgatan 11": [55.5651749, 12.9893532], "Per albin hanssons v\u00e4g 52A": [55.5661697, 12.9954876], "Vendelsfridsgatan 6A": [55.5845886, 12.9817453], "Kronborgsv\u00e4gen 18A": [55.5924806, 12.9855999], "Ormvr\u00e5ksgatan 42": [55.5656495, 13.0112107], "Kilian Zollsgatan 9B": [55.6015952, 12.9806665], "Celsiusgatan 13 A": [55.6038416, 13.0198768], "Duv\u00e4ppleg\u00e5ngen Nr 442": [null, null], "Vitem\u00f6llegatan 4C": [55.5903093, 13.0213672], "Duv\u00e4ppleg\u00e5ngen 451": [55.5793364, 12.9827056], "Erikslustv\u00e4gen 36H": [55.5914807, 12.9637399], "Sandbackegatan 7 C": [55.6085719, 13.0399707], "Carlsgatan 7F": [55.6117419, 13.0159262], "S\u00f6lvesborgsgatan 3C": [55.5928214, 13.0155044], "V\u00e5rgatan 3A": [55.6060936, 13.0265544], "Per Albin Hanssons v\u00e4g 50A": [55.5821859, 13.0030731], "\u00c4ngelholmsgatan 5": [55.5930536, 13.0091703], "Neptunigatan 71": [55.6073361, 12.9837179], "Solv\u00e4ndegatan 1A": [55.5769068, 13.0181056], "Roskildev\u00e4gen 11C": [55.5941227, 12.9915621], "Kilian Zollsgatan 31C": [55.6015952, 12.9806665], "V\u00e4stra bernadottesgatan 23A": [55.5815923, 12.9248188], "Sandbackegatan 7C": [55.6085719, 13.0399707], "Mariedalsv\u00e4gen 21": [55.6008477, 12.982973], "Jasming\u00e5ngen 134": [null, null], "Ehrensv\u00e4rdsgatan 5": [55.6064298, 13.0201534], "Birger Jarlsgatan 41C": [55.580782, 12.9258386], "R\u00e5dmansgatan 15A": [55.594693, 13.0003044], "V\u00e4stra Bernadottesgatan 25 A": [55.5815923, 12.9248188], "Falsterbogatan 22A": [55.5934532, 13.0155112], "Gullregnsgatan 2 A": [null, null], "Per albin hanssons v\u00e4g 52B": [55.5661697, 12.9954876], "Baskem\u00f6llegatan 3 B": [55.5906836, 13.0260575], "Vendelsfridsgatan 6B": [55.5843543, 12.9815527], "Vitlantg\u00e5ngen 44 kolonistuga 44": [null, null], "Kungsgatan 27B": [55.6019158, 13.0118656], "Filippag\u00e5ngen 350": [55.577147, 12.9843259], "Sallerupsv\u00e4gen 32G": [55.6023287, 13.0343534], "Bragegatan 9": [55.5839859, 13.0146846], "Vitem\u00f6llegatan 10C": [55.5894781, 13.0257103], "V\u00e4stra Kristinelundsv\u00e4gen 33B": [55.59604625, 12.97351034420436], "H\u00e4ssleholmsgatan 6": [55.589865, 13.0182375], "Viktoriag\u00e5ngen 398": [55.5771593, 12.9823926], "Kilian Zollsgatan 9 B": [55.6015952, 12.9806665], "Gustaf Rydbergsgatan 7": [55.6005046, 12.9809427], "Vitem\u00f6llegatan 4F": [55.5902415, 13.0221001], "Rabygatan 65": [55.5856484, 12.939027], "Fredriksbergsgatan 8": [55.6067631, 13.0183649], "Trelleborgsgatan 4B": [55.5919359, 13.0172431], "Jasming\u00e5ngen 3": [null, null], "\u00d6stra Ryttm\u00e4staregatan 15A": [55.5975964, 12.9749817], "Osbygatan 11C": [55.5902729, 13.0174708], "Dalaplan 4D": [55.5847349, 13.006212184876802], "Sperlingsgatan 7c": [55.6090694, 13.0417884], "K\u00f6penhamnsv\u00e4gen 13C": [55.59412305, 12.966093666428572], "V\u00e4stra Varvsgatan 16 G": [55.6109129, 12.9777376], "Vitem\u00f6llegatan 10 C": [55.5894781, 13.0257103], "Nikolaigatan 6": [55.5926553, 13.0038738], "Major Nilssonsgatan 7B": [55.5958216, 12.9723385], "Major Nilssonsgatan 11A": [55.5960189, 12.9719612], "Regementsgatan 23": [55.5985928, 12.9788903], "Roskildev\u00e4gen 11c": [55.5941227, 12.9915621], "Ystadsgatan 47G": [55.5899321, 13.015042], "S\u00f6lvesborgsgatan 1": [55.5928214, 13.0155044], "Glasbruksgatan 2A": [55.5840013, 12.9362697], "Serenadgatan 62": [55.561145, 13.0121253], "Pil\u00e5kersv\u00e4gen 4 a": [55.5892198, 12.9763779], "Cox Orangeg\u00e5ngen 348": [null, null], "Ernst Ahlgrensgatan 4B": [55.6011985, 12.976537], "Carl Herslowsgatan 9": [55.5967757, 12.9912525], "Kilian Zollsgatan 7B": [55.6015952, 12.9806665], "Roslins v\u00e4g 14B": [55.600983, 12.9784344], "\u00d6stra Sommarstaden, Vitsippeg\u00e5ngen kolonistuga B2": [null, null], "H\u00e4ssleholmsgatan 4": [55.5902672, 13.0172259], "Erikslustv\u00e4gen 42H": [55.5906209, 12.9625914], "Producentgatan 1": [55.5640699, 12.987788], "Jasminlunden 130": [null, null], "Rabygatan 69": [55.5856484, 12.939027], "Kungsgatan 27 B": [55.6019158, 13.0118656], "Nr 351, G\u00e5ng 2B": [null, null], "Esl\u00f6vsgatan 1C": [55.5944115, 13.0197054], "\u00d6stra R\u00f6nneholmsv\u00e4gen 25": [55.5968176, 12.993431195083676], "Nordlinds V\u00e4g 100 B": [55.5953131, 12.9696472], "H\u00e4ssleholmsgatan 5B": [55.5899125, 13.0177567], "Folketshusv\u00e4gen 19": [55.5298241, 12.9367664], "Ernst Ahlgrensgatan 4 A": [55.6011985, 12.976537], "Idaborgsgatan 57D": [55.6032544, 13.03257], "Stuga 588 - G\u00e5ng 7": [null, null], "Dans\u00f6rgatan 12": [55.5607947, 12.9877688], "\u00c4lggatan 48A": [55.581698, 12.9402698], "\u00d6stra Farmv\u00e4gen 37 C": [55.5903883, 13.028004], "Lektorsgatan 3 B": [55.5743192, 13.0167709], "Lettlandsgatan 2C": [55.578889, 13.0092837], "Falsterbogatan 18 B": [55.5934532, 13.0155112], "\u00d6stra R\u00f6nneholmsv\u00e4gen 6 B": [55.5970908, 12.9966297], "Bodekullsgatan 39 A": [55.5928561, 13.0239507], "Roseng\u00e5ngen 61": [55.5684121, 13.0614602], "Vattenverksv\u00e4gen 41B": [55.6109634, 13.0878744], "Helmfeltsgatan 12": [55.596820300000005, 12.992277352293865], "Carl Herslowsgatan 11 A": [55.5967978, 12.9915113], "Karlshamnsgatan 2": [55.5928732, 13.0179191], "M\u00e4ster Henriksgatan 10 A": [55.59703, 13.0155559], "Bobergs\u00e4ngen 6B": [55.5898904, 12.981637], "N\u00e4rkesgatan 3A": [55.5838585, 13.0091374], "M\u00e4ster Henriksgatan 6": [55.5962093, 13.0139586], "Gullregnsg\u00e5ngen 16": [55.5686449, 13.0603213], "Sandbackegatan 7c": [55.6085719, 13.0399707], "\u00d6STRA FARMV\u00c4GEN 37C": [55.5903883, 13.028004], "Roslins v\u00e4g 17A": [55.6009051, 12.978743], "Branteviksgatan 24": [55.5935013, 13.0320759], "Rosengrens gata 7A": [55.5912386, 12.9320665], "Statistgatan 16": [55.5577627, 12.9910735], "\u00c5ker\u00f6g\u00e5ngen 211 - \u00c4rtholmens Sommarstad": [null, null], "Estlandsgatan 5C": [55.5806582, 13.0105062], "Poppelg\u00e5ngen 84": [55.5679496, 13.066244], "Stora Nygatan 23": [55.6027321, 12.9963708], "Sadelmakarebyn 7c": [55.55700525, 12.935840032163696], "Branteviksgatan 5A": [55.5907787, 13.0295267], "Aktrisgatan 14": [55.5593376, 12.9881724], "Ystadsgatan 47A": [55.5899321, 13.015042], "Kilian Zollsgatan 6 A": [55.6014056, 12.9803912], "Ehrensv\u00e4rdsgatan 7": [55.6064298, 13.0201534], "Nordlinds V\u00e4g 94C": [55.5950841, 12.971241], "Kronborgsv\u00e4gen 12C": [55.5936511, 12.9880362], "Lettlandsgatan 2 A": [55.578889, 13.0092837],